cve_id,cvss_score,confidentialityImpact,integrityImpact,availabilityImpact,epss,percentile,CISA KEV,Known Ransomware Campaign Use
CVE-2020-0601,8.1,HIGH,HIGH,NONE,0.96836,0.99726,yes,Unknown
CVE-2020-0636,7.8,HIGH,HIGH,HIGH,0.00043,0.09867,no,
CVE-2020-0671,7.8,HIGH,HIGH,HIGH,0.00043,0.09867,no,
CVE-2020-0688,8.8,HIGH,HIGH,HIGH,0.97104,0.99815,yes,Known
CVE-2020-0758,7.5,HIGH,HIGH,HIGH,0.00123,0.47262,no,
CVE-2020-0884,3.7,LOW,NONE,NONE,0.00166,0.53779,no,
CVE-2020-0898,7.8,HIGH,HIGH,HIGH,0.00043,0.09867,no,
CVE-2020-0938,7.8,HIGH,HIGH,HIGH,0.95411,0.99412,yes,Unknown
CVE-2020-0955,5.5,HIGH,NONE,NONE,0.00043,0.09867,no,
CVE-2020-0981,8.8,HIGH,HIGH,HIGH,0.00046,0.17594,no,
CVE-2020-10189,9.8,HIGH,HIGH,HIGH,0.97218,0.9986,yes,Unknown
CVE-2020-1020,8.8,HIGH,HIGH,HIGH,0.9494,0.9933,yes,Unknown
CVE-2020-1025,9.8,HIGH,HIGH,HIGH,0.00449,0.75395,no,
CVE-2020-10257,9.8,HIGH,HIGH,HIGH,0.10111,0.95015,no,
CVE-2020-1027,7.8,HIGH,HIGH,HIGH,0.00072,0.31978,yes,Unknown
CVE-2020-10602,5.3,NONE,NONE,HIGH,0.00128,0.48254,no,
CVE-2020-10603,8.8,HIGH,HIGH,HIGH,0.00272,0.68354,no,
CVE-2020-1068,7.8,HIGH,HIGH,HIGH,0.00043,0.09867,no,
CVE-2020-10751,6.1,HIGH,LOW,NONE,0.0005,0.20158,no,
CVE-2020-10817,8.8,HIGH,HIGH,HIGH,0.00097,0.41035,no,
CVE-2020-11010,8.8,HIGH,HIGH,HIGH,0.00104,0.43193,no,
CVE-2020-11013,5.0,LOW,NONE,NONE,0.00053,0.22047,no,
CVE-2020-11019,6.5,NONE,NONE,HIGH,0.00066,0.29622,no,
CVE-2020-11021,7.5,HIGH,NONE,NONE,0.00156,0.52517,no,
CVE-2020-11023,6.1,LOW,LOW,NONE,0.02302,0.89865,no,
CVE-2020-11030,5.4,LOW,LOW,NONE,0.00077,0.33645,no,
CVE-2020-11035,9.3,HIGH,LOW,NONE,0.00264,0.66557,no,
CVE-2020-11036,5.4,LOW,LOW,NONE,0.00067,0.30039,no,
CVE-2020-11039,6.8,LOW,HIGH,LOW,0.00176,0.55251,no,
CVE-2020-11044,2.2,NONE,NONE,LOW,0.00285,0.69093,no,
CVE-2020-11045,3.3,LOW,NONE,LOW,0.00377,0.73129,no,
CVE-2020-11050,8.1,HIGH,HIGH,HIGH,0.0015,0.51746,no,
CVE-2020-11054,3.5,LOW,NONE,NONE,0.00088,0.38358,no,
CVE-2020-11055,5.4,LOW,LOW,NONE,0.00079,0.3485,no,
CVE-2020-11059,7.5,HIGH,NONE,NONE,0.00168,0.54246,no,
CVE-2020-11068,8.8,HIGH,HIGH,HIGH,0.00148,0.51404,no,
CVE-2020-11073,7.8,HIGH,HIGH,HIGH,0.00115,0.45617,no,
CVE-2020-11078,6.8,NONE,HIGH,NONE,0.00474,0.76008,no,
CVE-2020-11082,6.1,LOW,LOW,NONE,0.00888,0.82834,no,
CVE-2020-11083,4.8,LOW,LOW,NONE,0.0039,0.73608,no,
CVE-2020-11087,5.4,LOW,NONE,LOW,0.0028,0.68807,no,
CVE-2020-1109,7.8,HIGH,HIGH,HIGH,0.00043,0.09867,no,
CVE-2020-11090,7.5,NONE,NONE,HIGH,0.00171,0.54573,no,
CVE-2020-1111,7.8,HIGH,HIGH,HIGH,0.00043,0.09867,no,
CVE-2020-1141,5.5,HIGH,NONE,NONE,0.00043,0.09867,no,
CVE-2020-11608,4.3,NONE,NONE,HIGH,0.00046,0.17615,no,
CVE-2020-1163,7.8,HIGH,HIGH,HIGH,0.00043,0.09867,no,
CVE-2020-11651,9.8,HIGH,HIGH,HIGH,0.97477,0.99975,yes,Unknown
CVE-2020-11652,6.5,HIGH,NONE,NONE,0.97254,0.99872,yes,Unknown
CVE-2020-11668,7.1,NONE,HIGH,HIGH,0.00045,0.14666,no,
CVE-2020-11738,7.5,HIGH,NONE,NONE,0.97461,0.99965,yes,Unknown
CVE-2020-11884,7.0,HIGH,HIGH,HIGH,0.00045,0.14666,no,
CVE-2020-11896,10.0,HIGH,HIGH,HIGH,0.05387,0.93223,no,
CVE-2020-11897,10.0,HIGH,HIGH,HIGH,0.01407,0.86645,no,
CVE-2020-1190,7.8,HIGH,HIGH,HIGH,0.00043,0.09867,no,
CVE-2020-11901,9.0,HIGH,HIGH,HIGH,0.02826,0.90829,no,
CVE-2020-11957,7.5,HIGH,HIGH,HIGH,0.00054,0.22311,no,
CVE-2020-12000,7.5,HIGH,NONE,NONE,0.05095,0.93035,no,
CVE-2020-12008,7.5,HIGH,NONE,NONE,0.00162,0.53359,no,
CVE-2020-12014,7.5,HIGH,NONE,NONE,0.01,0.83854,no,
CVE-2020-12024,6.1,HIGH,HIGH,NONE,0.00067,0.30155,no,
CVE-2020-12029,7.8,HIGH,HIGH,HIGH,0.04499,0.92589,no,
CVE-2020-12038,5.5,NONE,NONE,HIGH,0.0005,0.20386,no,
CVE-2020-1206,7.5,HIGH,NONE,NONE,0.79044,0.98312,no,
CVE-2020-12464,6.7,HIGH,HIGH,HIGH,0.00105,0.43646,no,
CVE-2020-12652,4.1,NONE,NONE,HIGH,0.00042,0.05034,no,
CVE-2020-12653,7.8,HIGH,HIGH,HIGH,0.00042,0.05034,no,
CVE-2020-12655,5.5,NONE,NONE,HIGH,0.00046,0.17615,no,
CVE-2020-12659,6.7,HIGH,HIGH,HIGH,0.00072,0.31964,no,
CVE-2020-12769,5.5,NONE,NONE,HIGH,0.00042,0.05087,no,
CVE-2020-12888,5.3,NONE,NONE,HIGH,0.00047,0.17767,no,
CVE-2020-13125,6.5,LOW,LOW,NONE,0.00081,0.35303,no,
CVE-2020-13126,9.9,HIGH,HIGH,HIGH,0.0024,0.62505,no,
CVE-2020-1347,7.8,HIGH,HIGH,HIGH,0.00043,0.09867,no,
CVE-2020-1350,10.0,HIGH,HIGH,HIGH,0.94441,0.99255,yes,Unknown
CVE-2020-14059,6.5,NONE,NONE,HIGH,0.00278,0.68698,no,
CVE-2020-1425,7.8,HIGH,HIGH,HIGH,0.00882,0.82757,no,
CVE-2020-14508,9.8,HIGH,HIGH,HIGH,0.0031,0.70357,no,
CVE-2020-14510,9.8,HIGH,HIGH,HIGH,0.00392,0.7365,no,
CVE-2020-1456,5.4,LOW,LOW,NONE,0.00098,0.41282,no,
CVE-2020-1471,7.3,HIGH,LOW,NONE,0.00043,0.09867,no,
CVE-2020-1495,8.8,HIGH,HIGH,HIGH,0.04069,0.92274,no,
CVE-2020-15093,8.6,NONE,HIGH,NONE,0.00124,0.47571,no,
CVE-2020-15094,8.8,HIGH,HIGH,HIGH,0.00712,0.80752,no,
CVE-2020-15095,4.4,HIGH,NONE,NONE,0.00047,0.17824,no,
CVE-2020-15096,6.8,NONE,HIGH,NONE,0.00054,0.23396,no,
CVE-2020-15100,3.3,NONE,NONE,LOW,0.00044,0.13063,no,
CVE-2020-15105,5.4,HIGH,LOW,NONE,0.001,0.41776,no,
CVE-2020-15109,5.3,NONE,LOW,NONE,0.0009,0.3903,no,
CVE-2020-15118,5.4,LOW,LOW,NONE,0.00108,0.44278,no,
CVE-2020-15132,5.3,LOW,NONE,NONE,0.00126,0.47841,no,
CVE-2020-15137,5.9,HIGH,NONE,HIGH,0.00047,0.17839,no,
CVE-2020-15140,9.6,HIGH,HIGH,NONE,0.00063,0.27625,no,
CVE-2020-15143,8.8,HIGH,HIGH,HIGH,0.0031,0.70381,no,
CVE-2020-15147,8.5,HIGH,HIGH,HIGH,0.0113,0.84881,no,
CVE-2020-15162,5.4,LOW,LOW,NONE,0.00062,0.2704,no,
CVE-2020-15170,7.0,LOW,HIGH,LOW,0.00137,0.49744,no,
CVE-2020-15179,9.0,HIGH,HIGH,HIGH,0.00104,0.43193,no,
CVE-2020-15182,9.6,HIGH,HIGH,HIGH,0.01883,0.88645,no,
CVE-2020-15183,4.8,LOW,LOW,NONE,0.00145,0.50965,no,
CVE-2020-15188,9.8,HIGH,HIGH,HIGH,0.09318,0.94782,no,
CVE-2020-15189,7.2,HIGH,HIGH,HIGH,0.03139,0.91238,no,
CVE-2020-15199,5.9,NONE,NONE,HIGH,0.00218,0.60121,no,
CVE-2020-15208,9.8,HIGH,HIGH,HIGH,0.00166,0.53868,no,
CVE-2020-15211,4.8,LOW,LOW,NONE,0.00177,0.55327,no,
CVE-2020-15233,4.8,LOW,LOW,NONE,0.0005,0.20017,no,
CVE-2020-15393,5.5,NONE,NONE,HIGH,0.00045,0.14666,no,
CVE-2020-1569,7.8,HIGH,HIGH,HIGH,0.0043,0.74778,no,
CVE-2020-16198,6.3,LOW,LOW,LOW,0.00056,0.23981,no,
CVE-2020-16200,6.5,NONE,NONE,HIGH,0.00056,0.23981,no,
CVE-2020-16211,5.5,HIGH,NONE,NONE,0.00121,0.46971,no,
CVE-2020-1631,9.8,HIGH,HIGH,HIGH,0.00529,0.77319,yes,Unknown
CVE-2020-16874,7.8,HIGH,HIGH,HIGH,0.01254,0.85763,no,
CVE-2020-2883,9.8,HIGH,HIGH,HIGH,0.97425,0.99948,no,
CVE-2020-3120,6.5,NONE,NONE,HIGH,0.00066,0.29639,no,
CVE-2020-3121,6.1,LOW,LOW,NONE,0.00151,0.51855,no,
CVE-2020-3126,3.5,NONE,LOW,NONE,0.00071,0.31313,no,
CVE-2020-3133,7.5,NONE,HIGH,NONE,0.0014,0.50281,no,
CVE-2020-3134,6.5,NONE,LOW,LOW,0.0015,0.51764,no,
CVE-2020-3137,6.1,LOW,LOW,NONE,0.00151,0.51855,no,
CVE-2020-3177,7.5,HIGH,NONE,NONE,0.00503,0.76702,no,
CVE-2020-3198,9.8,HIGH,HIGH,HIGH,0.0033,0.71376,no,
CVE-2020-3216,6.8,HIGH,HIGH,HIGH,0.00068,0.30247,no,
CVE-2020-3233,5.4,LOW,LOW,NONE,0.00066,0.29771,no,
CVE-2020-3237,6.3,HIGH,HIGH,LOW,0.00042,0.05034,no,
CVE-2020-3240,7.3,HIGH,HIGH,HIGH,0.10053,0.95,no,
CVE-2020-3244,5.3,NONE,LOW,NONE,0.00129,0.48359,no,
CVE-2020-3253,6.7,HIGH,HIGH,HIGH,0.00042,0.05034,no,
CVE-2020-3292,7.2,HIGH,HIGH,HIGH,0.00168,0.54052,no,
CVE-2020-3306,7.5,NONE,NONE,HIGH,0.00159,0.52995,no,
CVE-2020-3309,7.2,HIGH,HIGH,HIGH,0.00246,0.65127,no,
CVE-2020-3312,7.5,HIGH,NONE,NONE,0.00336,0.7164,no,
CVE-2020-3322,3.3,NONE,NONE,LOW,0.00055,0.23458,no,
CVE-2020-3349,4.8,LOW,LOW,NONE,0.00066,0.29771,no,
CVE-2020-3356,6.1,LOW,LOW,NONE,0.00151,0.51855,no,
CVE-2020-3375,9.8,HIGH,HIGH,HIGH,0.0086,0.82553,no,
CVE-2020-3379,7.8,HIGH,HIGH,HIGH,0.00042,0.05034,no,
CVE-2020-3387,8.8,HIGH,HIGH,HIGH,0.00331,0.71441,no,
CVE-2020-3397,8.6,NONE,NONE,HIGH,0.0016,0.5311,no,
CVE-2020-3403,7.8,HIGH,HIGH,HIGH,0.00042,0.05144,no,
CVE-2020-3407,8.6,NONE,NONE,HIGH,0.00096,0.40756,no,
CVE-2020-3409,7.4,NONE,NONE,HIGH,0.00056,0.23933,no,
CVE-2020-3416,6.7,HIGH,HIGH,HIGH,0.00042,0.05034,no,
CVE-2020-3440,6.5,NONE,HIGH,NONE,0.00141,0.5048,no,
CVE-2020-3460,6.1,LOW,LOW,NONE,0.00151,0.51855,no,
CVE-2020-3476,6.0,NONE,HIGH,HIGH,0.00042,0.05034,no,
CVE-2020-3477,5.5,HIGH,NONE,NONE,0.00042,0.05034,no,
CVE-2020-3510,8.6,NONE,NONE,HIGH,0.0016,0.5311,no,
CVE-2020-3513,6.7,HIGH,HIGH,HIGH,0.00042,0.05034,no,
CVE-2020-4068,9.8,HIGH,HIGH,HIGH,0.004,0.7389,no,
CVE-2020-4100,4.4,NONE,HIGH,NONE,0.00044,0.13063,no,
CVE-2020-4408,4.6,HIGH,NONE,NONE,0.00051,0.20659,no,
CVE-2020-5210,7.8,HIGH,HIGH,HIGH,0.00224,0.61149,no,
CVE-2020-5217,5.8,NONE,LOW,NONE,0.00146,0.51193,no,
CVE-2020-5220,5.3,LOW,NONE,NONE,0.00071,0.31474,no,
CVE-2020-5225,5.4,LOW,LOW,NONE,0.00054,0.23396,no,
CVE-2020-5231,6.5,NONE,HIGH,NONE,0.00058,0.25409,no,
CVE-2020-5241,5.4,LOW,LOW,NONE,0.00058,0.25409,no,
CVE-2020-5250,6.3,HIGH,LOW,NONE,0.00063,0.27625,no,
CVE-2020-5252,4.1,NONE,HIGH,NONE,0.0008,0.34966,no,
CVE-2020-5253,9.8,HIGH,HIGH,HIGH,0.00235,0.62114,no,
CVE-2020-5254,8.1,HIGH,HIGH,HIGH,0.00222,0.60952,no,
CVE-2020-5261,6.8,HIGH,HIGH,NONE,0.001,0.41776,no,
CVE-2020-5264,6.1,LOW,LOW,NONE,0.00066,0.29898,no,
CVE-2020-5266,5.4,LOW,LOW,NONE,0.0005,0.20017,no,
CVE-2020-5267,4.8,LOW,LOW,NONE,0.00121,0.47038,no,
CVE-2020-5269,6.1,LOW,LOW,NONE,0.00066,0.29898,no,
CVE-2020-5270,6.1,LOW,LOW,NONE,0.00066,0.29898,no,
CVE-2020-5271,6.1,LOW,LOW,NONE,0.00066,0.29898,no,
CVE-2020-5279,6.5,LOW,LOW,NONE,0.00071,0.31474,no,
CVE-2020-5281,7.5,HIGH,NONE,NONE,0.00156,0.52517,no,
CVE-2020-5283,3.5,LOW,LOW,NONE,0.00127,0.48012,no,
CVE-2020-5284,4.3,LOW,NONE,NONE,0.00213,0.59715,no,
CVE-2020-5290,6.5,NONE,HIGH,NONE,0.00135,0.4948,no,
CVE-2020-5295,4.9,HIGH,NONE,NONE,0.12949,0.95585,no,
CVE-2020-5297,2.7,NONE,LOW,NONE,0.00176,0.55221,no,
CVE-2020-5300,5.3,HIGH,NONE,NONE,0.00099,0.41716,no,
CVE-2020-5326,5.3,NONE,HIGH,NONE,0.00058,0.2559,no,
CVE-2020-5328,9.8,HIGH,HIGH,HIGH,0.00222,0.60952,no,
CVE-2020-5331,5.5,HIGH,NONE,NONE,0.00042,0.05034,no,
CVE-2020-5332,7.2,HIGH,HIGH,HIGH,0.00238,0.62356,no,
CVE-2020-5336,6.1,LOW,LOW,NONE,0.00083,0.36131,no,
CVE-2020-5339,4.8,LOW,LOW,NONE,0.00054,0.23396,no,
CVE-2020-5340,4.8,LOW,LOW,NONE,0.00054,0.23396,no,
CVE-2020-5345,5.4,NONE,LOW,LOW,0.00072,0.31961,no,
CVE-2020-5350,7.2,HIGH,HIGH,HIGH,0.00179,0.55563,no,
CVE-2020-5358,7.8,HIGH,HIGH,HIGH,0.00044,0.13063,no,
CVE-2020-5362,4.4,NONE,HIGH,NONE,0.00044,0.13063,no,
CVE-2020-5364,7.5,HIGH,NONE,NONE,0.00168,0.54246,no,
CVE-2020-5365,7.5,HIGH,NONE,NONE,0.00168,0.54246,no,
CVE-2020-5366,6.5,HIGH,NONE,NONE,0.0016,0.53204,no,
CVE-2020-5369,8.8,HIGH,HIGH,HIGH,0.00096,0.40845,no,
CVE-2020-5371,8.8,HIGH,HIGH,HIGH,0.00096,0.40845,no,
CVE-2020-5373,7.5,HIGH,NONE,NONE,0.00279,0.6872,no,
CVE-2020-5374,7.5,HIGH,NONE,NONE,0.00267,0.6806,no,
CVE-2020-5376,6.8,HIGH,HIGH,HIGH,0.00081,0.35336,no,
CVE-2020-5378,6.8,HIGH,HIGH,HIGH,0.00081,0.35336,no,
CVE-2020-5379,6.8,HIGH,HIGH,HIGH,0.00081,0.35336,no,
CVE-2020-5386,7.5,HIGH,NONE,NONE,0.00279,0.6872,no,
CVE-2020-5539,6.5,LOW,LOW,NONE,0.00166,0.53774,no,
CVE-2020-5902,9.8,HIGH,HIGH,HIGH,0.97542,0.99997,yes,Known
CVE-2020-6418,8.8,HIGH,HIGH,HIGH,0.97056,0.99797,yes,Unknown
CVE-2020-6808,6.5,NONE,HIGH,NONE,0.00081,0.35348,no,
CVE-2020-6819,8.1,HIGH,HIGH,HIGH,0.03374,0.91536,yes,Unknown
CVE-2020-6820,8.1,HIGH,HIGH,HIGH,0.00891,0.82872,yes,Unknown
CVE-2020-6960,9.8,HIGH,HIGH,HIGH,0.00132,0.48969,no,
CVE-2020-6964,8.6,NONE,HIGH,NONE,0.00108,0.44205,no,
CVE-2020-6974,9.8,HIGH,HIGH,HIGH,0.0037,0.72912,no,
CVE-2020-6986,7.5,NONE,NONE,HIGH,0.001,0.41748,no,
CVE-2020-6993,7.5,HIGH,NONE,NONE,0.00162,0.53359,no,
CVE-2020-7004,8.8,HIGH,HIGH,HIGH,0.00044,0.1084,no,
CVE-2020-7456,6.8,HIGH,HIGH,HIGH,0.00099,0.41718,no,
CVE-2020-8467,8.8,HIGH,HIGH,HIGH,0.02721,0.90665,yes,Unknown
CVE-2020-8468,8.8,HIGH,HIGH,HIGH,0.00452,0.75486,yes,Unknown
CVE-2020-8648,7.1,HIGH,NONE,HIGH,0.00076,0.33318,no,
CVE-2020-8649,5.9,HIGH,NONE,HIGH,0.00058,0.25476,no,
CVE-2020-8835,7.8,HIGH,HIGH,HIGH,0.00085,0.36814,no,
CVE-2020-9380,9.8,HIGH,HIGH,HIGH,0.0053,0.77343,no,
CVE-2020-9459,5.4,LOW,LOW,NONE,0.00093,0.40169,no,
CVE-2020-9804,4.6,NONE,NONE,HIGH,0.00056,0.23933,no,
CVE-2020-9818,8.8,HIGH,HIGH,HIGH,0.03937,0.92147,yes,Unknown
CVE-2020-9819,4.3,NONE,NONE,LOW,0.00585,0.78418,yes,Unknown
CVE-2011-0096,4.3,NONE,PARTIAL,NONE,0.9705,0.99795,no,
CVE-2011-1249,7.2,COMPLETE,COMPLETE,COMPLETE,0.00043,0.10247,no,
CVE-2011-1331,9.3,COMPLETE,COMPLETE,COMPLETE,0.0436,0.92481,no,
CVE-2011-1752,5.0,NONE,NONE,PARTIAL,0.00719,0.80865,no,
CVE-2011-2005,7.8,HIGH,HIGH,HIGH,0.04978,0.92941,yes,Unknown
CVE-2011-2900,7.5,PARTIAL,PARTIAL,PARTIAL,0.46987,0.97492,no,
CVE-2011-3056,6.8,PARTIAL,PARTIAL,PARTIAL,0.00704,0.80604,no,
CVE-2011-3172,9.8,HIGH,HIGH,HIGH,0.00228,0.61429,no,
CVE-2011-3192,7.8,NONE,NONE,COMPLETE,0.96027,0.99518,no,
CVE-2011-3402,9.3,COMPLETE,COMPLETE,COMPLETE,0.96754,0.99701,no,
CVE-2011-3544,9.8,HIGH,HIGH,HIGH,0.95641,0.99456,yes,Unknown
CVE-2011-4106,6.8,PARTIAL,PARTIAL,PARTIAL,0.07728,0.9427,no,
CVE-2011-4862,10.0,COMPLETE,COMPLETE,COMPLETE,0.96787,0.99711,no,
CVE-2010-0028,9.3,COMPLETE,COMPLETE,COMPLETE,0.93723,0.99165,no,
CVE-2010-0232,7.8,HIGH,HIGH,HIGH,0.00993,0.83806,yes,Unknown
CVE-2010-0480,9.3,COMPLETE,COMPLETE,COMPLETE,0.96645,0.99669,no,
CVE-2010-0817,4.3,NONE,PARTIAL,NONE,0.84547,0.98547,no,
CVE-2010-0840,9.8,HIGH,HIGH,HIGH,0.94769,0.99303,yes,Unknown
CVE-2010-0842,7.5,PARTIAL,PARTIAL,PARTIAL,0.96978,0.99771,no,
CVE-2010-1165,9.0,COMPLETE,COMPLETE,COMPLETE,0.02399,0.90065,no,
CVE-2010-1297,7.8,HIGH,HIGH,HIGH,0.86429,0.98636,yes,Unknown
CVE-2010-1423,9.3,COMPLETE,COMPLETE,COMPLETE,0.9307,0.99098,no,
CVE-2010-1424,9.3,COMPLETE,COMPLETE,COMPLETE,0.02193,0.89593,no,
CVE-2010-1592,6.9,COMPLETE,COMPLETE,COMPLETE,0.00042,0.05034,no,
CVE-2010-1885,9.3,COMPLETE,COMPLETE,COMPLETE,0.97407,0.99939,no,
CVE-2010-2152,9.3,COMPLETE,COMPLETE,COMPLETE,0.0754,0.94218,no,
CVE-2010-2568,7.8,HIGH,HIGH,HIGH,0.97006,0.99779,yes,Unknown
CVE-2010-2729,9.3,COMPLETE,COMPLETE,COMPLETE,0.9708,0.99806,no,
CVE-2010-2743,7.2,COMPLETE,COMPLETE,COMPLETE,0.00044,0.13072,no,
CVE-2010-2772,7.8,HIGH,HIGH,HIGH,0.00092,0.40017,no,
CVE-2010-2862,9.3,COMPLETE,COMPLETE,COMPLETE,0.90965,0.98909,no,
CVE-2010-2884,9.3,COMPLETE,COMPLETE,COMPLETE,0.8366,0.98515,no,
CVE-2010-3081,7.8,HIGH,HIGH,HIGH,0.00042,0.05069,no,
CVE-2010-3333,7.8,HIGH,HIGH,HIGH,0.97298,0.99892,yes,Unknown
CVE-2010-3338,7.2,COMPLETE,COMPLETE,COMPLETE,0.00228,0.61447,no,
CVE-2010-3653,9.3,COMPLETE,COMPLETE,COMPLETE,0.89799,0.98833,no,
CVE-2010-3765,9.3,COMPLETE,COMPLETE,COMPLETE,0.96951,0.99761,no,
CVE-2010-3888,7.2,COMPLETE,COMPLETE,COMPLETE,0.00979,0.83676,no,
CVE-2010-3915,9.3,COMPLETE,COMPLETE,COMPLETE,0.0837,0.94484,no,
CVE-2010-3916,9.3,COMPLETE,COMPLETE,COMPLETE,0.0837,0.94484,no,
CVE-2010-3971,9.3,COMPLETE,COMPLETE,COMPLETE,0.97113,0.99821,no,
CVE-2010-4398,7.8,HIGH,HIGH,HIGH,0.01568,0.87425,yes,Unknown
CVE-2010-5290,10.0,COMPLETE,COMPLETE,COMPLETE,0.00585,0.78408,no,
CVE-2010-5326,10.0,HIGH,HIGH,HIGH,0.16132,0.96055,yes,Unknown
CVE-2009-0238,9.3,COMPLETE,COMPLETE,COMPLETE,0.5484,0.97695,no,
CVE-2009-0556,9.3,COMPLETE,COMPLETE,COMPLETE,0.93526,0.99143,no,
CVE-2009-0824,4.9,NONE,NONE,COMPLETE,0.00055,0.23556,no,
CVE-2009-0927,9.3,COMPLETE,COMPLETE,COMPLETE,0.97463,0.99966,yes,Unknown
CVE-2009-1136,9.3,COMPLETE,COMPLETE,COMPLETE,0.96634,0.99665,no,
CVE-2009-1151,9.8,HIGH,HIGH,HIGH,0.88938,0.98779,yes,Unknown
CVE-2009-1308,4.3,NONE,PARTIAL,NONE,0.00393,0.73664,no,
CVE-2009-1612,9.3,COMPLETE,COMPLETE,COMPLETE,0.93033,0.99094,no,
CVE-2009-1671,9.3,COMPLETE,COMPLETE,COMPLETE,0.02271,0.89793,no,
CVE-2009-1800,7.5,PARTIAL,PARTIAL,PARTIAL,0.15288,0.9594,no,
CVE-2009-1807,9.3,COMPLETE,COMPLETE,COMPLETE,0.06321,0.93724,no,
CVE-2009-1862,7.8,HIGH,HIGH,HIGH,0.55885,0.97718,yes,Unknown
CVE-2009-2055,4.3,NONE,NONE,PARTIAL,0.00534,0.77418,yes,Unknown
CVE-2009-2265,7.5,PARTIAL,PARTIAL,PARTIAL,0.97173,0.9984,no,
CVE-2009-3041,7.5,PARTIAL,PARTIAL,PARTIAL,0.0729,0.94143,no,
CVE-2009-3129,7.8,HIGH,HIGH,HIGH,0.97208,0.99854,yes,Unknown
CVE-2009-3459,9.3,COMPLETE,COMPLETE,COMPLETE,0.97298,0.99891,no,
CVE-2009-4324,7.8,HIGH,HIGH,HIGH,0.96945,0.99759,yes,Unknown
CVE-2008-0655,9.8,HIGH,HIGH,HIGH,0.365,0.97222,yes,Unknown
CVE-2008-2992,7.8,HIGH,HIGH,HIGH,0.97199,0.99851,yes,Unknown
CVE-2008-3431,8.8,HIGH,HIGH,HIGH,0.00199,0.57977,yes,Unknown
CVE-2008-4250,10.0,COMPLETE,COMPLETE,COMPLETE,0.97435,0.99954,no,
CVE-2008-4996,6.9,COMPLETE,COMPLETE,COMPLETE,0.00042,0.05034,no,
CVE-2019-0576,7.8,HIGH,HIGH,HIGH,0.02086,0.89285,no,
CVE-2019-0604,9.8,HIGH,HIGH,HIGH,0.97392,0.99932,yes,Known
CVE-2019-0609,7.5,HIGH,HIGH,HIGH,0.01626,0.87691,no,
CVE-2019-0708,9.8,HIGH,HIGH,HIGH,0.97485,0.99978,yes,Unknown
CVE-2019-0797,7.8,HIGH,HIGH,HIGH,0.00042,0.05079,yes,Unknown
CVE-2019-0803,7.8,HIGH,HIGH,HIGH,0.00534,0.77415,yes,Unknown
CVE-2019-0808,7.8,HIGH,HIGH,HIGH,0.20627,0.96459,yes,Unknown
CVE-2019-0859,7.8,HIGH,HIGH,HIGH,0.00042,0.05079,yes,Unknown
CVE-2019-0880,7.8,HIGH,HIGH,HIGH,0.00042,0.05079,yes,Unknown
CVE-2019-0903,8.8,HIGH,HIGH,HIGH,0.04299,0.92441,yes,Unknown
CVE-2019-0911,7.5,HIGH,HIGH,HIGH,0.01441,0.86791,no,
CVE-2019-0926,7.5,HIGH,HIGH,HIGH,0.0213,0.89421,no,
CVE-2019-1013,6.5,HIGH,NONE,NONE,0.0154,0.87302,no,
CVE-2019-10149,9.8,HIGH,HIGH,HIGH,0.97368,0.99921,yes,Unknown
CVE-2019-1021,7.8,HIGH,HIGH,HIGH,0.00043,0.09867,no,
CVE-2019-1031,5.4,LOW,LOW,NONE,0.00068,0.30296,no,
CVE-2019-1035,7.8,HIGH,HIGH,HIGH,0.01763,0.88193,no,
CVE-2019-1052,7.5,HIGH,HIGH,HIGH,0.0213,0.89421,no,
CVE-2019-1086,7.8,HIGH,HIGH,HIGH,0.00043,0.09867,no,
CVE-2019-1087,7.8,HIGH,HIGH,HIGH,0.00043,0.09867,no,
CVE-2019-10971,7.8,HIGH,HIGH,HIGH,0.00086,0.37227,no,
CVE-2019-10973,7.2,HIGH,HIGH,HIGH,0.00104,0.43274,no,
CVE-2019-10980,7.8,HIGH,HIGH,HIGH,0.00105,0.43486,no,
CVE-2019-10987,8.8,HIGH,HIGH,HIGH,0.04567,0.92639,no,
CVE-2019-10990,6.5,HIGH,NONE,NONE,0.00357,0.72432,no,
CVE-2019-1106,7.5,HIGH,HIGH,HIGH,0.0213,0.89421,no,
CVE-2019-1118,8.8,HIGH,HIGH,HIGH,0.07106,0.94082,no,
CVE-2019-11219,8.2,LOW,HIGH,NONE,0.00176,0.55245,no,
CVE-2019-1132,7.8,HIGH,HIGH,HIGH,0.00042,0.05079,yes,Unknown
CVE-2019-11510,10.0,HIGH,HIGH,HIGH,0.9738,0.99928,yes,Known
CVE-2019-11707,8.8,HIGH,HIGH,HIGH,0.80255,0.98352,yes,Unknown
CVE-2019-11708,10.0,HIGH,HIGH,HIGH,0.03523,0.91701,yes,Unknown
CVE-2019-11869,6.1,LOW,LOW,NONE,0.0018,0.55689,no,
CVE-2019-11886,8.8,HIGH,HIGH,HIGH,0.00253,0.6565,no,
CVE-2019-11932,8.8,HIGH,HIGH,HIGH,0.03751,0.91958,no,
CVE-2019-1214,7.8,HIGH,HIGH,HIGH,0.00098,0.41547,yes,Unknown
CVE-2019-1215,7.8,HIGH,HIGH,HIGH,0.00043,0.09868,yes,Known
CVE-2019-12258,7.5,NONE,NONE,HIGH,0.08856,0.94642,no,
CVE-2019-12660,5.5,NONE,HIGH,NONE,0.00042,0.05034,no,
CVE-2019-12696,7.5,NONE,HIGH,NONE,0.0014,0.50281,no,
CVE-2019-1270,5.5,NONE,HIGH,NONE,0.00066,0.29793,no,
CVE-2019-13510,7.8,HIGH,HIGH,HIGH,0.00529,0.77324,no,
CVE-2019-13511,3.3,LOW,NONE,NONE,0.00146,0.5122,no,
CVE-2019-13522,7.8,HIGH,HIGH,HIGH,0.00077,0.33704,no,
CVE-2019-13527,7.8,HIGH,HIGH,HIGH,0.00074,0.32598,no,
CVE-2019-13533,8.1,LOW,LOW,HIGH,0.00133,0.49079,no,
CVE-2019-13538,8.6,HIGH,HIGH,HIGH,0.00095,0.40652,no,
CVE-2019-13541,7.8,HIGH,HIGH,HIGH,0.00106,0.43854,no,
CVE-2019-13555,5.9,NONE,NONE,HIGH,0.0018,0.55696,no,
CVE-2019-13720,8.8,HIGH,HIGH,HIGH,0.97395,0.99933,yes,Unknown
CVE-2019-13922,2.7,LOW,NONE,NONE,0.00054,0.23396,no,
CVE-2019-1402,5.5,HIGH,NONE,NONE,0.00069,0.30788,no,
CVE-2019-1423,7.8,HIGH,HIGH,HIGH,0.0006,0.26431,no,
CVE-2019-1458,7.8,HIGH,HIGH,HIGH,0.97139,0.9983,yes,Known
CVE-2019-15107,9.8,HIGH,HIGH,HIGH,0.97476,0.99973,yes,Unknown
CVE-2019-15243,8.0,HIGH,HIGH,HIGH,0.00044,0.13063,no,
CVE-2019-15249,8.0,HIGH,HIGH,HIGH,0.00044,0.13063,no,
CVE-2019-15276,6.5,NONE,NONE,HIGH,0.02576,0.90412,no,
CVE-2019-15280,4.8,LOW,LOW,NONE,0.00066,0.29771,no,
CVE-2019-15287,7.8,HIGH,HIGH,HIGH,0.00072,0.32055,no,
CVE-2019-15288,8.8,HIGH,HIGH,HIGH,0.00246,0.65127,no,
CVE-2019-15289,7.5,NONE,NONE,HIGH,0.00159,0.52995,no,
CVE-2019-1579,8.1,HIGH,HIGH,HIGH,0.96768,0.99707,yes,Known
CVE-2019-15821,7.5,NONE,HIGH,NONE,0.001,0.41869,no,
CVE-2019-1594,7.4,NONE,NONE,HIGH,0.00054,0.22394,no,
CVE-2019-15956,8.8,HIGH,HIGH,HIGH,0.00161,0.53289,no,
CVE-2019-15958,9.8,HIGH,HIGH,HIGH,0.00619,0.79101,no,
CVE-2019-15959,6.6,HIGH,HIGH,HIGH,0.00044,0.13063,no,
CVE-2019-15963,6.5,HIGH,NONE,NONE,0.0015,0.51776,no,
CVE-2019-15972,8.8,HIGH,HIGH,HIGH,0.00106,0.43813,no,
CVE-2019-15974,6.1,LOW,LOW,NONE,0.00123,0.47402,no,
CVE-2019-15976,9.8,HIGH,HIGH,HIGH,0.96661,0.99676,no,
CVE-2019-15994,6.1,LOW,LOW,NONE,0.00151,0.51855,no,
CVE-2019-15998,5.3,NONE,LOW,NONE,0.00063,0.27715,no,
CVE-2019-16009,8.8,HIGH,HIGH,HIGH,0.00216,0.59972,no,
CVE-2019-1609,6.7,HIGH,HIGH,HIGH,0.00042,0.05034,no,
CVE-2019-1611,6.7,HIGH,HIGH,HIGH,0.00042,0.05034,no,
CVE-2019-1612,6.7,HIGH,HIGH,HIGH,0.00042,0.05144,no,
CVE-2019-1620,9.8,HIGH,HIGH,HIGH,0.52852,0.97637,no,
CVE-2019-16302,7.5,NONE,NONE,HIGH,0.00122,0.47132,no,
CVE-2019-1665,6.1,LOW,LOW,NONE,0.00127,0.48089,no,
CVE-2019-16759,9.8,HIGH,HIGH,HIGH,0.97508,0.99987,yes,Unknown
CVE-2019-16760,7.5,NONE,HIGH,NONE,0.00168,0.54267,no,
CVE-2019-16768,4.3,LOW,NONE,NONE,0.00054,0.23396,no,
CVE-2019-16782,5.9,HIGH,NONE,NONE,0.00249,0.65344,no,
CVE-2019-16784,7.8,HIGH,HIGH,HIGH,0.00042,0.05034,no,
CVE-2019-1689,7.3,NONE,HIGH,HIGH,0.00078,0.3396,no,
CVE-2019-17026,8.8,HIGH,HIGH,HIGH,0.52566,0.97632,yes,Unknown
CVE-2019-1703,8.6,NONE,NONE,HIGH,0.00131,0.48751,no,
CVE-2019-1704,7.5,NONE,NONE,HIGH,0.00157,0.52573,no,
CVE-2019-1711,7.5,NONE,NONE,HIGH,0.00157,0.52573,no,
CVE-2019-1715,7.5,HIGH,NONE,NONE,0.00336,0.7164,no,
CVE-2019-1724,8.8,HIGH,HIGH,HIGH,0.0022,0.60453,no,
CVE-2019-1736,6.6,HIGH,HIGH,HIGH,0.00044,0.13063,no,
CVE-2019-1746,6.5,NONE,NONE,HIGH,0.00066,0.29639,no,
CVE-2019-1747,8.6,NONE,NONE,HIGH,0.00157,0.52662,no,
CVE-2019-1753,8.8,HIGH,HIGH,HIGH,0.00167,0.53923,no,
CVE-2019-1764,8.8,HIGH,HIGH,HIGH,0.00113,0.45364,no,
CVE-2019-1768,6.7,HIGH,HIGH,HIGH,0.00042,0.05144,no,
CVE-2019-1772,7.8,HIGH,HIGH,HIGH,0.00062,0.27133,no,
CVE-2019-1781,6.7,HIGH,HIGH,HIGH,0.00042,0.05034,no,
CVE-2019-1790,6.7,HIGH,HIGH,HIGH,0.00042,0.05034,no,
CVE-2019-1794,5.1,LOW,HIGH,NONE,0.00042,0.05034,no,
CVE-2019-1812,6.7,HIGH,HIGH,HIGH,0.00042,0.05034,no,
CVE-2019-1817,7.5,NONE,NONE,HIGH,0.00159,0.52995,no,
CVE-2019-18234,9.8,HIGH,HIGH,HIGH,0.00194,0.57448,no,
CVE-2019-18263,6.5,NONE,NONE,HIGH,0.00056,0.23981,no,
CVE-2019-1831,5.3,NONE,LOW,NONE,0.00114,0.45454,no,
CVE-2019-1836,7.1,NONE,HIGH,HIGH,0.00044,0.10305,no,
CVE-2019-1838,5.4,LOW,LOW,NONE,0.00066,0.29771,no,
CVE-2019-1857,8.8,HIGH,HIGH,HIGH,0.00111,0.44901,no,
CVE-2019-18571,5.4,LOW,LOW,NONE,0.00052,0.21152,no,
CVE-2019-18573,8.8,HIGH,HIGH,HIGH,0.00346,0.71986,no,
CVE-2019-18578,9.0,HIGH,HIGH,HIGH,0.00437,0.75071,no,
CVE-2019-18581,7.2,HIGH,HIGH,HIGH,0.00228,0.61451,no,
CVE-2019-18582,7.2,HIGH,HIGH,HIGH,0.00133,0.4906,no,
CVE-2019-1860,5.9,HIGH,LOW,NONE,0.0017,0.54493,no,
CVE-2019-1863,8.1,NONE,HIGH,HIGH,0.00122,0.47146,no,
CVE-2019-1876,5.3,NONE,LOW,NONE,0.00126,0.47994,no,
CVE-2019-1879,6.7,HIGH,HIGH,HIGH,0.00042,0.05144,no,
CVE-2019-1886,8.6,NONE,NONE,HIGH,0.00157,0.52662,no,
CVE-2019-18872,7.5,NONE,HIGH,NONE,0.00102,0.42381,no,
CVE-2019-1889,7.2,HIGH,HIGH,HIGH,0.00229,0.6155,no,
CVE-2019-18935,9.8,HIGH,HIGH,HIGH,0.90557,0.9888,yes,Known
CVE-2019-1915,6.5,NONE,HIGH,NONE,0.00077,0.33581,no,
CVE-2019-1941,6.1,LOW,LOW,NONE,0.00156,0.52446,no,
CVE-2019-1942,6.5,NONE,HIGH,NONE,0.0008,0.34942,no,
CVE-2019-1943,6.1,LOW,LOW,NONE,0.05334,0.93181,no,
CVE-2019-19735,9.1,HIGH,HIGH,NONE,0.00379,0.73226,no,
CVE-2019-2215,7.8,HIGH,HIGH,HIGH,0.45268,0.97464,yes,Unknown
CVE-2019-2725,9.8,HIGH,HIGH,HIGH,0.97558,1.0,yes,Known
CVE-2019-2729,9.8,HIGH,HIGH,HIGH,0.96655,0.99672,no,
CVE-2019-3396,9.8,HIGH,HIGH,HIGH,0.97405,0.99939,yes,Known
CVE-2019-3568,9.8,HIGH,HIGH,HIGH,0.02267,0.89785,yes,Unknown
CVE-2019-3704,7.8,HIGH,HIGH,HIGH,0.00042,0.05144,no,
CVE-2019-3706,9.8,HIGH,HIGH,HIGH,0.00801,0.81926,no,
CVE-2019-3707,9.8,HIGH,HIGH,HIGH,0.00801,0.81926,no,
CVE-2019-3708,9.6,HIGH,HIGH,HIGH,0.00679,0.80236,no,
CVE-2019-3717,6.8,HIGH,HIGH,HIGH,0.00069,0.30755,no,
CVE-2019-3719,8.0,HIGH,HIGH,HIGH,0.00248,0.65338,no,
CVE-2019-3723,9.1,NONE,HIGH,HIGH,0.00283,0.68954,no,
CVE-2019-3727,6.7,HIGH,HIGH,HIGH,0.00044,0.13597,no,
CVE-2019-3728,7.5,NONE,NONE,HIGH,0.00206,0.58962,no,
CVE-2019-3731,7.5,HIGH,NONE,NONE,0.00509,0.76842,no,
CVE-2019-3732,7.5,HIGH,NONE,NONE,0.00646,0.79571,no,
CVE-2019-3735,7.8,HIGH,HIGH,HIGH,0.00042,0.05034,no,
CVE-2019-3750,5.5,NONE,HIGH,NONE,0.00042,0.05034,no,
CVE-2019-3754,6.1,LOW,LOW,NONE,0.00151,0.51855,no,
CVE-2019-3758,9.8,HIGH,HIGH,HIGH,0.00222,0.60952,no,
CVE-2019-3762,7.5,NONE,HIGH,NONE,0.00167,0.53955,no,
CVE-2019-3763,7.8,HIGH,HIGH,HIGH,0.00042,0.05034,no,
CVE-2019-3767,8.2,HIGH,HIGH,HIGH,0.00044,0.13063,no,
CVE-2019-3775,6.5,NONE,HIGH,NONE,0.0009,0.38975,no,
CVE-2019-3778,6.5,LOW,LOW,NONE,0.00378,0.732,no,
CVE-2019-3780,8.8,HIGH,HIGH,HIGH,0.00099,0.41635,no,
CVE-2019-3782,7.8,HIGH,HIGH,HIGH,0.00042,0.05034,no,
CVE-2019-3784,6.5,NONE,HIGH,NONE,0.0009,0.38975,no,
CVE-2019-3786,7.1,LOW,HIGH,NONE,0.0009,0.38975,no,
CVE-2019-3787,8.8,HIGH,HIGH,HIGH,0.00199,0.58062,no,
CVE-2019-3788,6.1,LOW,LOW,NONE,0.00083,0.36131,no,
CVE-2019-3790,5.4,LOW,LOW,NONE,0.00082,0.35781,no,
CVE-2019-3798,7.5,HIGH,HIGH,HIGH,0.002,0.5809,no,
CVE-2019-3799,6.5,HIGH,NONE,NONE,0.02567,0.90399,no,
CVE-2019-5786,6.5,NONE,NONE,HIGH,0.97233,0.99865,yes,Unknown
CVE-2019-5910,7.5,HIGH,NONE,NONE,0.00801,0.81924,no,
CVE-2019-5954,9.1,HIGH,HIGH,NONE,0.0056,0.77928,no,
CVE-2019-6340,8.1,HIGH,HIGH,HIGH,0.97385,0.99929,yes,Unknown
CVE-2019-6522,9.1,HIGH,NONE,HIGH,0.00147,0.51246,no,
CVE-2019-6538,6.5,NONE,HIGH,NONE,0.0006,0.26297,no,
CVE-2019-6549,7.2,HIGH,HIGH,HIGH,0.00104,0.43144,no,
CVE-2019-6563,9.8,HIGH,HIGH,HIGH,0.00207,0.58995,no,
CVE-2019-6703,9.8,HIGH,HIGH,HIGH,0.00735,0.81074,no,
CVE-2019-7286,7.8,HIGH,HIGH,HIGH,0.00339,0.7175,yes,Unknown
CVE-2019-7287,7.8,HIGH,HIGH,HIGH,0.00125,0.47665,yes,Unknown
CVE-2019-8540,5.5,HIGH,NONE,NONE,0.00116,0.45885,no,
CVE-2019-9019,6.8,HIGH,HIGH,HIGH,0.00081,0.35274,no,
CVE-2019-9081,,,,,0.01269,0.85865,no,
CVE-2019-9670,9.8,HIGH,HIGH,HIGH,0.97489,0.99981,yes,Unknown
CVE-2019-9791,9.8,HIGH,HIGH,HIGH,0.2054,0.96452,no,
CVE-2019-9978,6.1,LOW,LOW,NONE,0.9677,0.99709,yes,Unknown
CVE-2018-0101,10.0,HIGH,HIGH,HIGH,0.9326,0.99118,no,
CVE-2018-0560,6.5,NONE,HIGH,NONE,0.00158,0.52848,no,
CVE-2018-0622,7.4,HIGH,HIGH,NONE,0.00089,0.38634,no,
CVE-2018-0798,8.8,HIGH,HIGH,HIGH,0.90578,0.98881,yes,Unknown
CVE-2018-0802,7.8,HIGH,HIGH,HIGH,0.96748,0.99699,yes,Unknown
CVE-2018-1000861,9.8,HIGH,HIGH,HIGH,0.97305,0.99894,yes,Unknown
CVE-2018-10299,7.5,NONE,HIGH,NONE,0.00736,0.81093,no,
CVE-2018-10376,7.5,NONE,HIGH,NONE,0.00215,0.59852,no,
CVE-2018-10589,9.8,HIGH,HIGH,HIGH,0.00454,0.75527,no,
CVE-2018-10590,7.5,HIGH,NONE,NONE,0.001,0.41882,no,
CVE-2018-10610,8.8,HIGH,HIGH,HIGH,0.00341,0.71823,no,
CVE-2018-10611,9.8,HIGH,HIGH,HIGH,0.03999,0.92198,no,
CVE-2018-10620,9.8,HIGH,HIGH,HIGH,0.01406,0.86642,no,
CVE-2018-10633,9.8,HIGH,HIGH,HIGH,0.00172,0.5486,no,
CVE-2018-10636,8.8,HIGH,HIGH,HIGH,0.01056,0.84295,no,
CVE-2018-10657,7.5,NONE,NONE,HIGH,0.00101,0.42014,no,
CVE-2018-11045,5.9,HIGH,NONE,NONE,0.00168,0.54246,no,
CVE-2018-11048,8.1,HIGH,NONE,HIGH,0.00233,0.61844,no,
CVE-2018-11049,7.3,HIGH,HIGH,HIGH,0.00042,0.05034,no,
CVE-2018-11051,7.5,HIGH,NONE,NONE,0.00173,0.54878,no,
CVE-2018-11059,5.4,LOW,LOW,NONE,0.00067,0.30055,no,
CVE-2018-11060,8.8,HIGH,HIGH,HIGH,0.00306,0.70193,no,
CVE-2018-11062,8.8,HIGH,HIGH,HIGH,0.00123,0.47306,no,
CVE-2018-11067,6.1,LOW,LOW,NONE,0.0017,0.54463,no,
CVE-2018-11069,5.9,HIGH,NONE,NONE,0.00421,0.74496,no,
CVE-2018-11072,7.8,HIGH,HIGH,HIGH,0.00042,0.05034,no,
CVE-2018-11073,4.8,LOW,LOW,NONE,0.00062,0.26869,no,
CVE-2018-11075,4.7,LOW,LOW,NONE,0.00116,0.45844,no,
CVE-2018-11084,6.5,NONE,HIGH,NONE,0.00083,0.35953,no,
CVE-2018-11087,5.9,HIGH,NONE,NONE,0.00128,0.48292,no,
CVE-2018-11088,8.8,HIGH,HIGH,HIGH,0.00104,0.43144,no,
CVE-2018-11749,9.8,HIGH,HIGH,HIGH,0.00222,0.60952,no,
CVE-2018-11776,8.1,HIGH,HIGH,HIGH,0.9753,0.99993,yes,Unknown
CVE-2018-12520,8.1,HIGH,HIGH,HIGH,0.05159,0.93079,no,
CVE-2018-13379,9.8,HIGH,HIGH,HIGH,0.96863,0.99733,yes,Known
CVE-2018-14679,6.5,NONE,NONE,HIGH,0.00933,0.83267,no,
CVE-2018-14781,5.3,NONE,HIGH,NONE,0.0007,0.31134,no,
CVE-2018-14802,9.8,HIGH,HIGH,HIGH,0.00771,0.81551,no,
CVE-2018-14809,9.8,HIGH,HIGH,HIGH,0.01392,0.86573,no,
CVE-2018-14819,9.8,HIGH,HIGH,HIGH,0.01082,0.84538,no,
CVE-2018-14847,9.1,HIGH,HIGH,NONE,0.9746,0.99964,yes,Unknown
CVE-2018-15376,6.7,HIGH,HIGH,HIGH,0.00042,0.05034,no,
CVE-2018-15392,4.3,NONE,NONE,LOW,0.00058,0.2559,no,
CVE-2018-15393,6.1,LOW,LOW,NONE,0.00149,0.5155,no,
CVE-2018-15397,6.8,NONE,NONE,HIGH,0.00098,0.41524,no,
CVE-2018-15401,6.5,NONE,HIGH,NONE,0.00077,0.33581,no,
CVE-2018-15444,7.3,HIGH,HIGH,NONE,0.00451,0.75453,no,
CVE-2018-15454,8.6,NONE,NONE,HIGH,0.03585,0.91768,no,
CVE-2018-15462,7.5,NONE,NONE,HIGH,0.00179,0.55632,no,
CVE-2018-15466,3.7,LOW,NONE,NONE,0.00105,0.43471,no,
CVE-2018-15758,8.1,HIGH,HIGH,HIGH,0.00311,0.70401,no,
CVE-2018-15761,8.8,HIGH,HIGH,HIGH,0.00307,0.7022,no,
CVE-2018-15764,9.8,HIGH,HIGH,HIGH,0.04468,0.9256,no,
CVE-2018-15767,8.8,HIGH,HIGH,HIGH,0.02291,0.89848,no,
CVE-2018-15771,5.5,HIGH,NONE,NONE,0.00051,0.20653,no,
CVE-2018-15772,7.1,HIGH,NONE,HIGH,0.00052,0.21429,no,
CVE-2018-15774,8.8,HIGH,HIGH,HIGH,0.00099,0.41635,no,
CVE-2018-15776,6.8,HIGH,HIGH,HIGH,0.00073,0.32253,no,
CVE-2018-15780,6.5,HIGH,NONE,NONE,0.00059,0.25908,no,
CVE-2018-15782,7.8,HIGH,HIGH,HIGH,0.00044,0.10305,no,
CVE-2018-15784,7.4,HIGH,HIGH,NONE,0.00087,0.3741,no,
CVE-2018-15795,8.1,HIGH,HIGH,NONE,0.0008,0.35048,no,
CVE-2018-15797,8.8,HIGH,HIGH,HIGH,0.00262,0.66375,no,
CVE-2018-15800,6.8,HIGH,HIGH,NONE,0.00065,0.28998,no,
CVE-2018-15801,7.4,HIGH,HIGH,NONE,0.00141,0.50351,no,
CVE-2018-15869,5.3,NONE,LOW,NONE,0.0007,0.31231,no,
CVE-2018-15961,9.8,HIGH,HIGH,HIGH,0.97476,0.99974,yes,Unknown
CVE-2018-16179,5.9,HIGH,NONE,NONE,0.00074,0.32463,no,
CVE-2018-17877,7.5,HIGH,NONE,NONE,0.00588,0.78499,no,
CVE-2018-17889,5.3,HIGH,NONE,NONE,0.00428,0.74703,no,
CVE-2018-17892,8.8,HIGH,HIGH,HIGH,0.00384,0.73403,no,
CVE-2018-17900,9.8,HIGH,HIGH,HIGH,0.00235,0.6203,no,
CVE-2018-17908,7.8,HIGH,HIGH,HIGH,0.00059,0.25634,no,
CVE-2018-17910,7.8,HIGH,HIGH,HIGH,0.05968,0.9356,no,
CVE-2018-17911,7.8,HIGH,HIGH,HIGH,0.00306,0.70187,no,
CVE-2018-17924,8.6,NONE,NONE,HIGH,0.00052,0.21267,no,
CVE-2018-17934,9.8,HIGH,HIGH,HIGH,0.15389,0.95976,no,
CVE-2018-18641,9.8,HIGH,HIGH,HIGH,0.00205,0.58791,no,
CVE-2018-18665,7.5,NONE,HIGH,NONE,0.00232,0.61719,no,
CVE-2018-18667,7.5,NONE,HIGH,NONE,0.00232,0.61719,no,
CVE-2018-18956,7.5,NONE,NONE,HIGH,0.00539,0.77522,no,
CVE-2018-18987,8.8,HIGH,HIGH,HIGH,0.00425,0.74603,no,
CVE-2018-18990,5.3,LOW,NONE,NONE,0.91547,0.98945,no,
CVE-2018-18995,9.8,HIGH,HIGH,HIGH,0.00207,0.58995,no,
CVE-2018-19007,9.8,HIGH,HIGH,HIGH,0.00178,0.55547,no,
CVE-2018-19010,6.5,NONE,NONE,HIGH,0.00052,0.21266,no,
CVE-2018-19207,9.8,HIGH,HIGH,HIGH,0.97274,0.9988,no,
CVE-2018-19320,7.8,HIGH,HIGH,HIGH,0.00312,0.70494,yes,Known
CVE-2018-1956,7.5,HIGH,NONE,NONE,0.00142,0.50506,no,
CVE-2018-19830,7.5,NONE,HIGH,NONE,0.0007,0.31159,no,
CVE-2018-19831,7.5,NONE,HIGH,NONE,0.00082,0.35653,no,
CVE-2018-19833,7.5,NONE,HIGH,NONE,0.00082,0.35653,no,
CVE-2018-20062,9.8,HIGH,HIGH,HIGH,0.96918,0.99751,yes,Unknown
CVE-2018-20250,7.8,HIGH,HIGH,HIGH,0.97349,0.99913,yes,Known
CVE-2018-20753,9.8,HIGH,HIGH,HIGH,0.10562,0.95108,yes,Known
CVE-2018-20838,5.4,LOW,LOW,NONE,0.00081,0.35464,no,
CVE-2018-21091,7.5,NONE,NONE,HIGH,0.00082,0.35636,no,
CVE-2018-2628,9.8,HIGH,HIGH,HIGH,0.9751,0.99987,yes,Unknown
CVE-2018-2893,9.8,HIGH,HIGH,HIGH,0.97327,0.99904,no,
CVE-2018-2894,9.8,HIGH,HIGH,HIGH,0.97327,0.99904,no,
CVE-2018-5445,5.3,LOW,NONE,NONE,0.03603,0.91786,no,
CVE-2018-5451,9.8,HIGH,HIGH,HIGH,0.00333,0.71495,no,
CVE-2018-5454,8.1,HIGH,HIGH,HIGH,0.0084,0.82361,no,
CVE-2018-5459,9.8,HIGH,HIGH,HIGH,0.00209,0.59287,no,
CVE-2018-5463,7.8,HIGH,HIGH,HIGH,0.00044,0.1084,no,
CVE-2018-6112,4.3,LOW,NONE,NONE,0.01431,0.86745,no,
CVE-2018-7259,9.8,HIGH,HIGH,HIGH,0.00634,0.79374,no,
CVE-2018-7494,8.8,HIGH,HIGH,HIGH,0.01365,0.86449,no,
CVE-2018-7496,5.3,LOW,NONE,NONE,0.00057,0.2418,no,
CVE-2018-7499,9.8,HIGH,HIGH,HIGH,0.09269,0.94762,no,
CVE-2018-7500,9.8,HIGH,HIGH,HIGH,0.00193,0.57287,no,
CVE-2018-7506,7.5,HIGH,NONE,NONE,0.00142,0.5062,no,
CVE-2018-7513,5.3,LOW,LOW,LOW,0.00095,0.40579,no,
CVE-2018-7520,9.8,HIGH,HIGH,HIGH,0.15849,0.96031,no,
CVE-2018-7526,7.5,HIGH,NONE,NONE,0.00162,0.53359,no,
CVE-2018-7600,9.8,HIGH,HIGH,HIGH,0.97549,0.99998,yes,Known
CVE-2018-7602,9.8,HIGH,HIGH,HIGH,0.97284,0.99886,yes,Known
CVE-2018-8110,7.5,HIGH,HIGH,HIGH,0.06392,0.93772,no,
CVE-2018-8111,7.5,HIGH,HIGH,HIGH,0.06392,0.93772,no,
CVE-2018-8120,7.0,HIGH,HIGH,HIGH,0.97418,0.99944,yes,Known
CVE-2018-8160,6.5,HIGH,NONE,NONE,0.03584,0.91765,no,
CVE-2018-8174,7.5,HIGH,HIGH,HIGH,0.97417,0.99944,yes,Known
CVE-2018-8248,7.8,HIGH,HIGH,HIGH,0.29279,0.96961,no,
CVE-2018-8337,5.3,LOW,LOW,LOW,0.0006,0.25996,no,
CVE-2018-8353,7.5,HIGH,HIGH,HIGH,0.89653,0.98823,no,
CVE-2018-8355,7.5,HIGH,HIGH,HIGH,0.95711,0.99465,no,
CVE-2018-8414,8.8,HIGH,HIGH,HIGH,0.76707,0.98234,yes,Unknown
CVE-2018-8431,5.4,LOW,LOW,NONE,0.00471,0.75948,no,
CVE-2018-8440,7.8,HIGH,HIGH,HIGH,0.96832,0.99725,yes,Known
CVE-2018-8453,7.8,HIGH,HIGH,HIGH,0.95045,0.99345,yes,Known
CVE-2018-8489,8.4,HIGH,HIGH,HIGH,0.00392,0.73639,no,
CVE-2018-8575,7.8,HIGH,HIGH,HIGH,0.12997,0.95595,no,
CVE-2018-8589,7.8,HIGH,HIGH,HIGH,0.00129,0.48421,yes,Unknown
CVE-2018-8599,7.8,HIGH,HIGH,HIGH,0.00058,0.2477,no,
CVE-2018-8607,5.4,LOW,LOW,NONE,0.00217,0.60075,no,
CVE-2018-8611,7.8,HIGH,HIGH,HIGH,0.00078,0.34415,yes,Unknown
CVE-2018-8833,7.8,HIGH,HIGH,HIGH,0.02341,0.8995,no,
CVE-2018-8835,7.8,HIGH,HIGH,HIGH,0.00833,0.82287,no,
CVE-2018-8852,8.8,HIGH,HIGH,HIGH,0.00299,0.69831,no,
CVE-2018-9206,9.8,HIGH,HIGH,HIGH,0.96603,0.99657,no,
CVE-2018-9488,7.8,HIGH,HIGH,HIGH,0.00045,0.16635,no,
CVE-2018-9862,7.8,HIGH,HIGH,HIGH,0.00044,0.13063,no,
CVE-2017-0005,7.8,HIGH,HIGH,HIGH,0.00135,0.4952,yes,Unknown
CVE-2017-0022,6.5,HIGH,NONE,NONE,0.78472,0.983,yes,Unknown
CVE-2017-0149,8.8,HIGH,HIGH,HIGH,0.50916,0.97587,yes,Unknown
CVE-2017-0176,8.1,HIGH,HIGH,HIGH,0.80154,0.9835,no,
CVE-2017-0199,7.8,HIGH,HIGH,HIGH,0.97518,0.9999,yes,Known
CVE-2017-0213,7.3,HIGH,HIGH,HIGH,0.01982,0.88989,yes,Known
CVE-2017-0222,8.8,HIGH,HIGH,HIGH,0.58447,0.97787,yes,Unknown
CVE-2017-0261,7.8,HIGH,HIGH,HIGH,0.93484,0.99139,yes,Unknown
CVE-2017-0262,7.8,HIGH,HIGH,HIGH,0.39057,0.97294,yes,Unknown
CVE-2017-0263,7.8,HIGH,HIGH,HIGH,0.59158,0.97801,yes,Unknown
CVE-2017-0493,5.5,HIGH,NONE,NONE,0.00069,0.30727,no,
CVE-2017-1001000,7.5,NONE,HIGH,NONE,0.45568,0.97469,no,
CVE-2017-10271,7.5,NONE,NONE,HIGH,0.97182,0.99845,yes,Known
CVE-2017-10810,7.5,NONE,NONE,HIGH,0.0066,0.79884,no,
CVE-2017-10910,6.5,NONE,NONE,HIGH,0.0012,0.46931,no,
CVE-2017-11368,6.5,NONE,NONE,HIGH,0.00208,0.59155,no,
CVE-2017-11774,7.8,HIGH,HIGH,HIGH,0.88567,0.98757,yes,Unknown
CVE-2017-11826,7.8,HIGH,HIGH,HIGH,0.95845,0.99486,yes,Unknown
CVE-2017-11847,7.8,HIGH,HIGH,HIGH,0.00404,0.73997,no,
CVE-2017-11882,7.8,HIGH,HIGH,HIGH,0.97437,0.99955,yes,Known
CVE-2017-12637,7.5,HIGH,NONE,NONE,0.02322,0.8991,no,
CVE-2017-1274,8.8,HIGH,HIGH,HIGH,0.00689,0.80387,no,
CVE-2017-12817,7.5,HIGH,NONE,NONE,0.00124,0.47501,no,
CVE-2017-12824,7.8,HIGH,HIGH,HIGH,0.00092,0.39924,no,
CVE-2017-13289,7.8,HIGH,HIGH,HIGH,0.00042,0.05034,no,
CVE-2017-14323,9.8,HIGH,HIGH,HIGH,0.00917,0.83118,no,
CVE-2017-14486,7.5,HIGH,NONE,NONE,0.00286,0.69169,no,
CVE-2017-14487,9.1,HIGH,HIGH,NONE,0.00311,0.70442,no,
CVE-2017-14934,5.5,NONE,NONE,HIGH,0.0033,0.71388,no,
CVE-2017-15211,4.3,NONE,LOW,NONE,0.00129,0.48377,no,
CVE-2017-15919,9.8,HIGH,HIGH,HIGH,0.00306,0.70182,no,
CVE-2017-16115,7.5,NONE,NONE,HIGH,0.00105,0.4338,no,
CVE-2017-16651,7.8,HIGH,HIGH,HIGH,0.01484,0.86994,yes,Unknown
CVE-2017-18362,9.8,HIGH,HIGH,HIGH,0.04914,0.92902,yes,Known
CVE-2017-2404,7.5,NONE,HIGH,NONE,0.00301,0.6992,no,
CVE-2017-3066,9.8,HIGH,HIGH,HIGH,0.90956,0.98908,no,
CVE-2017-3881,9.8,HIGH,HIGH,HIGH,0.97481,0.99977,yes,Unknown
CVE-2017-5613,7.8,HIGH,HIGH,HIGH,0.018,0.88336,no,
CVE-2017-5638,9.8,HIGH,HIGH,HIGH,0.96609,0.99659,yes,Known
CVE-2017-6922,6.5,HIGH,NONE,NONE,0.00366,0.7279,no,
CVE-2017-7533,7.0,HIGH,HIGH,HIGH,0.00059,0.25745,no,
CVE-2017-8291,7.8,HIGH,HIGH,HIGH,0.5219,0.97623,yes,Unknown
CVE-2017-8464,8.8,HIGH,HIGH,HIGH,0.9747,0.99971,yes,Unknown
CVE-2017-8543,9.8,HIGH,HIGH,HIGH,0.45986,0.97476,yes,Unknown
CVE-2017-8570,7.8,HIGH,HIGH,HIGH,0.97307,0.99895,yes,Unknown
CVE-2017-8759,7.8,HIGH,HIGH,HIGH,0.97154,0.99834,yes,Unknown
CVE-2017-9142,6.5,NONE,NONE,HIGH,0.00453,0.75508,no,
CVE-2017-9841,9.8,HIGH,HIGH,HIGH,0.97479,0.99976,yes,Unknown
CVE-2016-0034,8.8,HIGH,HIGH,HIGH,0.71645,0.98109,yes,Known
CVE-2016-0099,7.8,HIGH,HIGH,HIGH,0.01238,0.85679,yes,Known
CVE-2016-0165,7.8,HIGH,HIGH,HIGH,0.00826,0.82215,yes,Unknown
CVE-2016-0167,7.8,HIGH,HIGH,HIGH,0.01219,0.8556,yes,Known
CVE-2016-0728,7.8,HIGH,HIGH,HIGH,0.00042,0.00352,no,
CVE-2016-1409,7.5,NONE,NONE,HIGH,0.01548,0.87338,no,
CVE-2016-2208,9.1,NONE,HIGH,HIGH,0.92356,0.99019,no,
CVE-2016-3088,9.8,HIGH,HIGH,HIGH,0.96658,0.99674,yes,Unknown
CVE-2016-3298,6.5,HIGH,NONE,NONE,0.59859,0.97819,yes,Unknown
CVE-2016-3351,6.5,HIGH,NONE,NONE,0.70722,0.98083,yes,Known
CVE-2016-3393,7.8,HIGH,HIGH,HIGH,0.75872,0.98214,yes,Unknown
CVE-2016-3714,8.4,HIGH,HIGH,HIGH,0.96652,0.99671,no,
CVE-2016-4655,5.5,HIGH,NONE,NONE,0.49424,0.97546,yes,Unknown
CVE-2016-4656,7.8,HIGH,HIGH,HIGH,0.07173,0.94104,yes,Unknown
CVE-2016-5062,9.8,HIGH,HIGH,HIGH,0.00536,0.77479,no,
CVE-2016-5180,9.8,HIGH,HIGH,HIGH,0.04517,0.92599,no,
CVE-2016-5195,7.0,HIGH,HIGH,HIGH,0.81662,0.98426,yes,Unknown
CVE-2016-5645,7.3,LOW,LOW,LOW,0.135,0.95685,no,
CVE-2016-6366,8.8,HIGH,HIGH,HIGH,0.96864,0.99734,yes,Unknown
CVE-2016-6367,7.8,HIGH,HIGH,HIGH,0.96394,0.99599,yes,Unknown
CVE-2016-6415,7.5,HIGH,NONE,NONE,0.97286,0.99887,yes,Unknown
CVE-2016-6909,9.8,HIGH,HIGH,HIGH,0.9619,0.99551,no,
CVE-2016-7189,7.5,HIGH,HIGH,HIGH,0.91464,0.98939,no,
CVE-2016-7193,7.8,HIGH,HIGH,HIGH,0.73525,0.98159,yes,Unknown
CVE-2016-7255,7.8,HIGH,HIGH,HIGH,0.02689,0.9061,yes,Unknown
CVE-2016-7256,8.8,HIGH,HIGH,HIGH,0.83752,0.98519,yes,Unknown
CVE-2016-9079,7.5,HIGH,NONE,NONE,0.95868,0.9949,yes,Unknown
CVE-2016-9192,7.8,HIGH,HIGH,HIGH,0.00042,0.05034,no,
CVE-2016-9299,9.8,HIGH,HIGH,HIGH,0.6329,0.97904,no,
CVE-2016-9684,9.8,HIGH,HIGH,HIGH,0.05889,0.93516,no,
CVE-2015-0016,7.8,HIGH,HIGH,HIGH,0.88772,0.98768,yes,Unknown
CVE-2015-0071,6.5,NONE,HIGH,NONE,0.08371,0.94485,yes,Unknown
CVE-2015-0072,4.3,NONE,PARTIAL,NONE,0.97208,0.99854,no,
CVE-2015-0096,9.3,COMPLETE,COMPLETE,COMPLETE,0.97254,0.99873,no,
CVE-2015-0984,10.0,COMPLETE,COMPLETE,COMPLETE,0.01518,0.87201,no,
CVE-2015-1494,4.3,NONE,PARTIAL,NONE,0.00526,0.77247,no,
CVE-2015-1539,10.0,COMPLETE,COMPLETE,COMPLETE,0.32253,0.97072,no,
CVE-2015-1641,7.8,HIGH,HIGH,HIGH,0.89,0.98783,yes,Unknown
CVE-2015-1642,7.8,HIGH,HIGH,HIGH,0.86732,0.98651,yes,Unknown
CVE-2015-1701,7.8,HIGH,HIGH,HIGH,0.37185,0.97239,yes,Known
CVE-2015-1769,7.2,COMPLETE,COMPLETE,COMPLETE,0.0014,0.50263,yes,Unknown
CVE-2015-1805,7.2,COMPLETE,COMPLETE,COMPLETE,0.00044,0.10481,no,
CVE-2015-2360,7.2,COMPLETE,COMPLETE,COMPLETE,0.00084,0.36453,yes,Unknown
CVE-2015-2387,7.8,HIGH,HIGH,HIGH,0.00113,0.45258,yes,Unknown
CVE-2015-2419,8.8,HIGH,HIGH,HIGH,0.96584,0.99653,yes,Unknown
CVE-2015-2424,8.8,HIGH,HIGH,HIGH,0.28735,0.96929,yes,Unknown
CVE-2015-2425,8.8,HIGH,HIGH,HIGH,0.7937,0.98323,yes,Unknown
CVE-2015-2426,9.3,COMPLETE,COMPLETE,COMPLETE,0.97356,0.99916,yes,Unknown
CVE-2015-2502,8.8,HIGH,HIGH,HIGH,0.92212,0.99003,yes,Unknown
CVE-2015-2509,9.3,COMPLETE,COMPLETE,COMPLETE,0.97308,0.99896,no,
CVE-2015-2546,6.9,COMPLETE,COMPLETE,COMPLETE,0.00367,0.72836,yes,Known
CVE-2015-2590,9.8,HIGH,HIGH,HIGH,0.0315,0.91249,yes,Unknown
CVE-2015-2945,7.5,PARTIAL,PARTIAL,PARTIAL,0.00977,0.83647,no,
CVE-2015-3864,10.0,COMPLETE,COMPLETE,COMPLETE,0.97063,0.99799,no,
CVE-2015-4051,9.0,PARTIAL,PARTIAL,COMPLETE,0.02336,0.89933,no,
CVE-2015-4902,5.0,NONE,PARTIAL,NONE,0.00906,0.83013,yes,Unknown
CVE-2015-5123,9.8,HIGH,HIGH,HIGH,0.56191,0.97724,yes,Unknown
CVE-2015-6175,7.8,HIGH,HIGH,HIGH,0.00208,0.59123,yes,Unknown
CVE-2015-6475,4.3,NONE,PARTIAL,NONE,0.0046,0.75694,no,
CVE-2015-6480,8.3,LOW,LOW,LOW,0.04897,0.92893,no,
CVE-2015-6585,7.8,HIGH,HIGH,HIGH,0.02196,0.89596,no,
CVE-2015-7755,10.0,COMPLETE,COMPLETE,COMPLETE,0.97054,0.99796,no,
CVE-2015-7756,5.0,PARTIAL,NONE,NONE,0.02583,0.9043,no,
CVE-2015-7910,7.8,COMPLETE,NONE,NONE,0.00297,0.69755,no,
CVE-2015-7912,10.0,COMPLETE,COMPLETE,COMPLETE,0.11706,0.95379,no,
CVE-2015-7925,8.0,HIGH,HIGH,HIGH,0.0025,0.65441,no,
CVE-2015-7931,8.7,HIGH,HIGH,NONE,0.00128,0.48292,no,
CVE-2015-7935,7.5,HIGH,NONE,NONE,0.00269,0.68178,no,
CVE-2015-8562,7.5,PARTIAL,PARTIAL,PARTIAL,0.97254,0.99872,no,
CVE-2014-0050,7.5,PARTIAL,PARTIAL,PARTIAL,0.19118,0.96332,no,
CVE-2014-0266,7.1,COMPLETE,NONE,NONE,0.96517,0.99633,no,
CVE-2014-0295,4.3,NONE,PARTIAL,NONE,0.03434,0.91602,no,
CVE-2014-0307,9.3,COMPLETE,COMPLETE,COMPLETE,0.97263,0.99874,no,
CVE-2014-0322,8.8,HIGH,HIGH,HIGH,0.97231,0.99864,yes,Unknown
CVE-2014-0324,9.3,COMPLETE,COMPLETE,COMPLETE,0.89447,0.98812,no,
CVE-2014-0593,9.8,HIGH,HIGH,HIGH,0.01304,0.86095,no,
CVE-2014-0751,7.5,PARTIAL,PARTIAL,PARTIAL,0.41383,0.97358,no,
CVE-2014-0810,7.5,PARTIAL,PARTIAL,PARTIAL,0.07023,0.94051,no,
CVE-2014-1761,7.8,HIGH,HIGH,HIGH,0.63601,0.97909,yes,Unknown
CVE-2014-1776,9.8,HIGH,HIGH,HIGH,0.95988,0.99511,yes,Unknown
CVE-2014-1807,7.2,COMPLETE,COMPLETE,COMPLETE,0.00045,0.1661,no,
CVE-2014-1809,6.8,PARTIAL,PARTIAL,PARTIAL,0.00656,0.79791,no,
CVE-2014-1812,9.0,COMPLETE,COMPLETE,COMPLETE,0.00374,0.73063,yes,Unknown
CVE-2014-1815,9.3,COMPLETE,COMPLETE,COMPLETE,0.9623,0.99559,no,
CVE-2014-2817,8.8,HIGH,HIGH,HIGH,0.15675,0.96012,yes,Unknown
CVE-2014-3413,9.8,HIGH,HIGH,HIGH,0.00513,0.76917,no,
CVE-2014-3566,3.4,LOW,NONE,NONE,0.97488,0.9998,no,
CVE-2014-4076,7.2,COMPLETE,COMPLETE,COMPLETE,0.0005,0.20407,no,
CVE-2014-4077,7.8,HIGH,HIGH,HIGH,0.12477,0.95518,yes,Unknown
CVE-2014-4113,7.8,HIGH,HIGH,HIGH,0.67733,0.98011,yes,Unknown
CVE-2014-4114,7.8,HIGH,HIGH,HIGH,0.96641,0.99667,yes,Unknown
CVE-2014-4123,8.8,HIGH,HIGH,HIGH,0.35844,0.97205,yes,Unknown
CVE-2014-4148,8.8,HIGH,HIGH,HIGH,0.49823,0.97562,yes,Unknown
CVE-2014-5279,8.8,HIGH,HIGH,HIGH,0.00299,0.69855,no,
CVE-2014-5334,9.8,HIGH,HIGH,HIGH,0.00599,0.78685,no,
CVE-2014-6120,9.8,HIGH,HIGH,HIGH,0.00202,0.58596,no,
CVE-2014-6271,9.8,HIGH,HIGH,HIGH,0.97365,0.9992,yes,Unknown
CVE-2014-6277,10.0,COMPLETE,COMPLETE,COMPLETE,0.97256,0.99874,no,
CVE-2014-6278,10.0,COMPLETE,COMPLETE,COMPLETE,0.97296,0.9989,no,
CVE-2014-6287,9.8,HIGH,HIGH,HIGH,0.97331,0.99905,yes,Unknown
CVE-2014-6293,7.5,PARTIAL,PARTIAL,PARTIAL,0.00184,0.56214,no,
CVE-2014-6324,8.8,HIGH,HIGH,HIGH,0.96017,0.99516,yes,Unknown
CVE-2014-6332,9.3,COMPLETE,COMPLETE,COMPLETE,0.97316,0.999,yes,Unknown
CVE-2014-6352,7.8,HIGH,HIGH,HIGH,0.95446,0.9942,yes,Unknown
CVE-2014-7169,9.8,HIGH,HIGH,HIGH,0.87505,0.98699,yes,Unknown
CVE-2014-7186,10.0,COMPLETE,COMPLETE,COMPLETE,0.97467,0.9997,no,
CVE-2014-7187,10.0,COMPLETE,COMPLETE,COMPLETE,0.97281,0.99885,no,
CVE-2014-7235,10.0,COMPLETE,COMPLETE,COMPLETE,0.89056,0.98785,no,
CVE-2014-7247,10.0,COMPLETE,COMPLETE,COMPLETE,0.02705,0.90639,no,
CVE-2014-8551,10.0,COMPLETE,COMPLETE,COMPLETE,0.01456,0.86866,no,
CVE-2014-9938,8.8,HIGH,HIGH,HIGH,0.00782,0.81673,no,
CVE-2013-0422,10.0,COMPLETE,COMPLETE,COMPLETE,0.97245,0.99867,yes,Unknown
CVE-2013-0625,9.8,HIGH,HIGH,HIGH,0.58371,0.97786,yes,Unknown
CVE-2013-0629,7.5,HIGH,NONE,NONE,0.92087,0.98988,yes,Unknown
CVE-2013-0631,7.5,HIGH,NONE,NONE,0.8232,0.98455,yes,Unknown
CVE-2013-0632,9.8,HIGH,HIGH,HIGH,0.97094,0.99812,yes,Unknown
CVE-2013-0640,7.8,HIGH,HIGH,HIGH,0.92624,0.99052,yes,Unknown
CVE-2013-0641,7.8,HIGH,HIGH,HIGH,0.81442,0.98414,yes,Unknown
CVE-2013-0707,9.3,COMPLETE,COMPLETE,COMPLETE,0.00708,0.80682,no,
CVE-2013-1289,4.3,NONE,PARTIAL,NONE,0.92874,0.99078,no,
CVE-2013-1331,7.8,HIGH,HIGH,HIGH,0.95445,0.99419,yes,Unknown
CVE-2013-1493,10.0,COMPLETE,COMPLETE,COMPLETE,0.96416,0.99604,no,
CVE-2013-1904,5.0,PARTIAL,NONE,NONE,0.00454,0.75535,no,
CVE-2013-2423,4.3,NONE,PARTIAL,NONE,0.96738,0.99696,yes,Unknown
CVE-2013-2465,10.0,COMPLETE,COMPLETE,COMPLETE,0.87826,0.98716,yes,Known
CVE-2013-2471,10.0,COMPLETE,COMPLETE,COMPLETE,0.9457,0.99275,no,
CVE-2013-3163,8.8,HIGH,HIGH,HIGH,0.95847,0.99486,yes,Unknown
CVE-2013-3336,5.0,PARTIAL,NONE,NONE,0.97164,0.99838,no,
CVE-2013-3644,10.0,COMPLETE,COMPLETE,COMPLETE,0.02655,0.90547,no,
CVE-2013-3660,7.8,HIGH,HIGH,HIGH,0.82861,0.98478,yes,Unknown
CVE-2013-3893,9.3,COMPLETE,COMPLETE,COMPLETE,0.96852,0.9973,no,
CVE-2013-3897,8.8,HIGH,HIGH,HIGH,0.96723,0.99691,yes,Unknown
CVE-2013-3900,7.6,COMPLETE,COMPLETE,COMPLETE,0.75612,0.98207,yes,Unknown
CVE-2013-3906,7.8,HIGH,HIGH,HIGH,0.96638,0.99666,yes,Unknown
CVE-2013-3918,9.3,COMPLETE,COMPLETE,COMPLETE,0.96212,0.99555,no,
CVE-2013-4335,9.8,HIGH,HIGH,HIGH,0.00894,0.82902,no,
CVE-2013-4854,7.8,NONE,NONE,COMPLETE,0.95342,0.99399,no,
CVE-2013-5054,4.3,PARTIAL,NONE,NONE,0.02236,0.8971,no,
CVE-2013-5057,4.3,NONE,PARTIAL,NONE,0.56077,0.97722,no,
CVE-2013-5065,7.8,HIGH,HIGH,HIGH,0.43239,0.97407,yes,Unknown
CVE-2013-5211,5.0,NONE,NONE,PARTIAL,0.96433,0.99609,no,
CVE-2013-5576,6.8,PARTIAL,PARTIAL,PARTIAL,0.79864,0.98341,no,
CVE-2013-6129,7.5,PARTIAL,PARTIAL,PARTIAL,0.71342,0.98102,no,
CVE-2013-6282,7.2,COMPLETE,COMPLETE,COMPLETE,0.02354,0.89978,yes,Unknown
CVE-2013-7102,6.8,PARTIAL,PARTIAL,PARTIAL,0.20099,0.96414,no,
CVE-2013-7246,9.3,COMPLETE,COMPLETE,COMPLETE,0.26955,0.96838,no,
CVE-2013-7372,5.0,NONE,PARTIAL,NONE,0.0028,0.68787,no,
CVE-2012-0158,8.8,HIGH,HIGH,HIGH,0.97421,0.99946,yes,Unknown
CVE-2012-0181,7.2,COMPLETE,COMPLETE,COMPLETE,0.00066,0.29625,no,
CVE-2012-0874,6.8,PARTIAL,PARTIAL,PARTIAL,0.05799,0.93467,no,
CVE-2012-1557,7.5,PARTIAL,PARTIAL,PARTIAL,0.00426,0.74634,no,
CVE-2012-1675,7.5,PARTIAL,PARTIAL,PARTIAL,0.97368,0.99922,no,
CVE-2012-1723,9.8,HIGH,HIGH,HIGH,0.96532,0.99639,yes,Known
CVE-2012-1795,7.5,PARTIAL,PARTIAL,PARTIAL,0.0153,0.8725,no,
CVE-2012-1854,6.9,COMPLETE,COMPLETE,COMPLETE,0.00046,0.17657,no,
CVE-2012-1856,8.8,HIGH,HIGH,HIGH,0.92424,0.99032,yes,Unknown
CVE-2012-2311,7.5,PARTIAL,PARTIAL,PARTIAL,0.93715,0.99163,no,
CVE-2012-2319,7.2,COMPLETE,COMPLETE,COMPLETE,0.00042,0.05061,no,
CVE-2012-2520,4.3,NONE,PARTIAL,NONE,0.40132,0.97325,no,
CVE-2012-2539,7.8,HIGH,HIGH,HIGH,0.9533,0.99397,yes,Unknown
CVE-2012-3015,6.9,COMPLETE,COMPLETE,COMPLETE,0.00052,0.21256,no,
CVE-2012-3213,10.0,COMPLETE,COMPLETE,COMPLETE,0.07644,0.94246,no,
CVE-2012-4681,10.0,COMPLETE,COMPLETE,COMPLETE,0.97516,0.99989,yes,Unknown
CVE-2012-5958,10.0,COMPLETE,COMPLETE,COMPLETE,0.97418,0.99945,no,
CVE-2012-6081,6.0,PARTIAL,PARTIAL,PARTIAL,0.95472,0.99425,no,
CVE-2012-6467,4.3,NONE,PARTIAL,NONE,0.00245,0.65074,no,
CVE-2012-6498,6.8,PARTIAL,PARTIAL,PARTIAL,0.0821,0.94437,no,
CVE-2012-6685,7.5,HIGH,NONE,NONE,0.00182,0.55976,no,
